fecha,indicativo,nombre,provincia,altitud,tmed,prec,tmin,horatmin,tmax,horatmax,dir,velmedia,racha,horaracha,presMax,horaPresMax,presMin,horaPresMin
"2018-01-01,3195,""MADRID, RETIRO"",MADRID,667,""7,6"",""0,0"",""3,6"",08:00,""11,6"",13:50,27,""3,1"",""10,0"",00:10,""954,3"",11,""950,7"",16"
"2018-01-02,3195,""MADRID, RETIRO"",MADRID,667,""10,4"",""0,0"",""7,5"",04:10,""13,4"",13:30,29,""2,5"",""11,4"",02:50,""954,3"",Varias,""952,2"",Varias"
"2018-01-03,3195,""MADRID, RETIRO"",MADRID,667,""10,6"",""0,0"",""7,6"",02:15,""13,5"",14:10,22,""1,7"",""8,6"",03:40,""955,4"",11,""952,3"",24"
"2018-01-04,3195,""MADRID, RETIRO"",MADRID,667,""10,8"",""0,0"",""7,8"",Varias,""13,7"",13:20,99,""2,2"",""7,8"",Varias,""953,3"",00,""943,7"",24"
"2018-01-05,3195,""MADRID, RETIRO"",MADRID,667,""8,6"",""14,1"",""5,8"",23:59,""11,5"",13:50,22,""3,1"",""11,7"",07:50,""943,7"",00,""926,1"",24"
"2018-01-06,3195,""MADRID, RETIRO"",MADRID,667,""4,0"",""20,6"",""2,0"",23:59,""6,1"",00:00,03,""2,5"",""10,8"",09:50,""926,1"",00,""920,0"",14"
"2018-01-07,3195,""MADRID, RETIRO"",MADRID,667,""3,3"",""3,1"",""1,6"",23:59,""5,0"",13:40,12,""2,8"",""7,5"",11:50,""929,5"",23,""919,5"",05"
"2018-01-08,3195,""MADRID, RETIRO"",MADRID,667,""3,8"",""0,0"",""0,7"",23:50,""7,0"",13:50,04,""1,4"",""7,2"",05:10,""937,8"",24,""929,3"",00"
"2018-01-09,3195,""MADRID, RETIRO"",MADRID,667,""1,6"",""2,3"",""-1,4"",05:20,""4,7"",15:15,19,""1,4"",""4,7"",16:50,""941,6"",10,""937,2"",01"
"2018-01-10,3195,""MADRID, RETIRO"",MADRID,667,""5,1"",""0,8"",""3,2"",00:30,""7,0"",16:00,23,""2,2"",""9,4"",15:20,""943,0"",24,""939,5"",05"
"2018-01-11,3195,""MADRID, RETIRO"",MADRID,667,""5,8"",""0,0"",""2,9"",08:10,""8,8"",14:40,30,""3,3"",""12,8"",11:40,""946,6"",24,""942,6"",05"
"2018-01-12,3195,""MADRID, RETIRO"",MADRID,667,""3,8"",""0,0"",""-0,3"",07:40,""7,9"",16:10,28,""1,7"",""6,4"",00:20,""947,8"",10,""944,3"",24"
"2018-01-13,3195,""MADRID, RETIRO"",MADRID,667,""4,0"",""6,0"",""2,4"",04:20,""5,6"",12:10,26,""1,1"",""7,2"",21:20,""944,5"",00,""939,0"",17"
"2018-01-14,3195,""MADRID, RETIRO"",MADRID,667,""4,6"",""0,0"",""2,5"",02:20,""6,7"",14:50,03,""1,7"",""6,1"",20:50,""944,4"",24,""939,8"",06"
"2018-01-15,3195,""MADRID, RETIRO"",MADRID,667,""4,2"",""0,0"",""0,0"",07:30,""8,5"",15:00,22,""1,1"",""6,4"",15:40,""949,9"",24,""944,4"",00"
"2018-01-16,3195,""MADRID, RETIRO"",MADRID,667,""7,2"",""0,0"",""2,0"",07:30,""12,5"",16:30,26,""1,1"",""6,4"",22:10,""951,2"",Varias,""947,8"",18"
"2018-01-17,3195,""MADRID, RETIRO"",MADRID,667,""9,0"",""0,0"",""4,8"",08:30,""13,2"",14:40,30,""2,2"",""8,6"",01:00,""948,8"",Varias,""945,9"",06"
"2018-01-18,3195,""MADRID, RETIRO"",MADRID,667,""7,8"",""0,0"",""2,7"",08:00,""12,8"",16:10,03,""1,4"",""5,3"",08:50,""948,4"",00,""943,1"",24"
"2018-01-19,3195,""MADRID, RETIRO"",MADRID,667,""8,9"",""0,0"",""3,0"",07:30,""14,8"",15:30,04,""1,4"",""5,3"",08:50,""947,4"",24,""942,0"",Varias"
"2018-01-20,3195,""MADRID, RETIRO"",MADRID,667,""7,9"",""0,0"",""3,8"",07:30,""12,0"",15:40,28,""1,9"",""7,8"",12:40,""949,6"",24,""947,2"",Varias"
"2018-01-21,3195,""MADRID, RETIRO"",MADRID,667,""11,0"",""0,0"",""5,8"",07:10,""16,2"",15:30,33,""1,1"",""8,3"",03:40,""951,8"",11,""949,6"",00"
"2018-01-22,3195,""MADRID, RETIRO"",MADRID,667,""9,7"",""0,0"",""5,3"",07:40,""14,1"",15:50,99,""0,6"",""5,8"",Varias,""951,2"",00,""948,9"",Varias"
"2018-01-23,3195,""MADRID, RETIRO"",MADRID,667,""10,0"",""0,0"",""4,2"",07:15,""15,7"",15:30,03,""0,8"",""6,1"",01:00,""950,8"",Varias,""948,5"",14"
"2018-01-24,3195,""MADRID, RETIRO"",MADRID,667,""9,1"",""0,0"",""4,7"",07:45,""13,5"",16:00,04,""1,4"",""5,0"",03:50,""950,1"",00,""946,5"",Varias"
"2018-01-25,3195,""MADRID, RETIRO"",MADRID,667,""6,8"",""3,5"",""4,6"",06:10,""8,9"",11:50,36,""1,9"",""12,8"",23:30,""946,8"",00,""938,5"",21"
"2018-01-26,3195,""MADRID, RETIRO"",MADRID,667,""5,9"",""0,0"",""2,6"",08:00,""9,2"",16:10,19,""3,9"",""13,9"",21:00,""948,9"",24,""939,5"",00"
"2018-01-27,3195,""MADRID, RETIRO"",MADRID,667,""6,9"",""0,0"",""3,8"",07:10,""10,0"",15:00,04,""3,3"",""12,5"",19:30,""953,6"",23,""948,4"",03"
"2018-01-28,3195,""MADRID, RETIRO"",MADRID,667,""8,4"",""0,0"",""3,5"",02:10,""13,4"",14:15,04,""4,7"",""15,0"",07:20,""958,0"",23,""952,3"",05"
"2018-01-29,3195,""MADRID, RETIRO"",MADRID,667,""9,2"",""0,0"",""5,2"",08:00,""13,1"",15:10,02,""1,9"",""6,7"",02:00,""957,8"",00,""952,3"",Varias"
"2018-01-30,3195,""MADRID, RETIRO"",MADRID,667,""8,2"",""0,0"",""4,0"",05:30,""12,5"",16:30,03,""1,4"",""5,6"",01:50,""953,4"",00,""947,5"",17"
"2018-01-31,3195,""MADRID, RETIRO"",MADRID,667,""7,6"",""0,0"",""2,5"",08:20,""12,6"",13:50,03,""1,1"",""4,2"",04:30,""948,9"",00,""940,1"",24"
"2018-02-01,3195,""MADRID, RETIRO"",MADRID,667,""6,6"",""0,1"",""2,3"",07:40,""10,8"",13:40,34,""2,8"",""13,3"",17:30,""940,1"",00,""929,5"",17"
"2018-02-02,3195,""MADRID, RETIRO"",MADRID,667,""4,4"",""0,0"",""1,2"",23:59,""7,7"",13:20,99,""3,6"",""13,3"",Varias,""940,5"",23,""931,0"",05"
"2018-02-03,3195,""MADRID, RETIRO"",MADRID,667,""5,2"",""2,3"",""0,2"",02:30,""10,3"",14:30,28,""3,1"",""11,1"",16:30,""942,0"",10,""935,1"",24"
"2018-02-04,3195,""MADRID, RETIRO"",MADRID,667,""3,6"",""17,3"",""1,5"",13:00,""5,8"",00:00,04,""3,6"",""10,8"",20:00,""935,1"",00,""929,9"",24"
"2018-02-05,3195,""MADRID, RETIRO"",MADRID,667,""1,8"",""14,1"",""0,8"",11:40,""2,8"",06:00,06,""3,9"",""9,4"",06:10,""930,9"",24,""927,5"",14"
"2018-02-06,3195,""MADRID, RETIRO"",MADRID,667,""4,1"",""0,0"",""1,2"",23:59,""7,0"",13:30,01,""3,1"",""12,5"",19:10,""934,8"",24,""930,0"",04"
"2018-02-07,3195,""MADRID, RETIRO"",MADRID,667,""3,0"",""0,0"",""-1,6"",06:30,""7,5"",Varias,03,""2,8"",""9,2"",18:30,""940,5"",24,""934,8"",00"
"2018-02-08,3195,""MADRID, RETIRO"",MADRID,667,""3,0"",""0,0"",""-1,0"",Varias,""7,0"",13:30,05,""2,8"",""8,3"",17:40,""942,1"",24,""939,9"",16"
"2018-02-09,3195,""MADRID, RETIRO"",MADRID,667,""3,3"",""0,0"",""-1,9"",07:00,""8,5"",16:30,01,""1,1"",""10,0"",23:59,""944,2"",24,""941,3"",Varias"
"2018-02-10,3195,""MADRID, RETIRO"",MADRID,667,""5,7"",""0,0"",""2,3"",08:00,""9,1"",13:10,02,""2,2"",""10,8"",03:00,""944,8"",Varias,""942,2"",16"
"2018-02-11,3195,""MADRID, RETIRO"",MADRID,667,""7,5"",""0,1"",""0,7"",07:50,""14,3"",13:20,28,""3,1"",""11,7"",14:20,""944,7"",11,""940,6"",23"
"2018-02-12,3195,""MADRID, RETIRO"",MADRID,667,""6,8"",""0,0"",""2,5"",23:30,""11,1"",00:00,34,""1,7"",""9,7"",17:30,""943,4"",Varias,""940,0"",Varias"
"2018-02-13,3195,""MADRID, RETIRO"",MADRID,667,""4,7"",""0,0"",""-0,8"",07:10,""10,2"",13:15,26,""3,6"",""13,6"",18:00,""943,4"",00,""940,0"",15"
"2018-02-14,3195,""MADRID, RETIRO"",MADRID,667,""8,2"",""0,0"",""5,8"",Varias,""10,5"",15:30,27,""3,1"",""11,4"",20:40,""944,7"",24,""941,0"",00"
"2018-02-15,3195,""MADRID, RETIRO"",MADRID,667,""8,4"",""0,0"",""6,0"",04:10,""10,9"",16:10,25,""1,4"",""7,2"",00:00,""948,5"",12,""944,7"",00"
"2018-02-16,3195,""MADRID, RETIRO"",MADRID,667,""10,7"",""0,0"",""6,8"",08:10,""14,6"",16:10,24,""1,7"",""5,0"",17:00,""948,0"",00,""943,4"",Varias"
"2018-02-17,3195,""MADRID, RETIRO"",MADRID,667,""10,7"",""0,0"",""6,7"",Varias,""14,7"",13:30,05,""1,4"",""10,6"",21:40,""946,8"",23,""943,8"",14"
"2018-02-18,3195,""MADRID, RETIRO"",MADRID,667,""8,0"",""0,0"",""2,6"",06:30,""13,4"",16:20,99,""2,8"",""8,3"",Varias,""946,4"",00,""942,5"",17"
"2018-02-19,3195,""MADRID, RETIRO"",MADRID,667,""10,8"",""0,0"",""6,5"",07:30,""15,0"",13:30,03,""2,2"",""10,0"",20:50,""943,1"",00,""940,3"",14"
"2018-02-20,3195,""MADRID, RETIRO"",MADRID,667,""10,9"",""0,0"",""7,3"",05:10,""14,5"",13:30,03,""3,6"",""12,8"",17:50,""941,3"",10,""937,6"",24"
"2018-02-21,3195,""MADRID, RETIRO"",MADRID,667,""7,6"",""0,0"",""3,2"",23:59,""12,0"",13:50,02,""4,2"",""13,9"",09:20,""937,6"",00,""931,6"",16"
"2018-02-22,3195,""MADRID, RETIRO"",MADRID,667,""5,4"",""0,0"",""-0,5"",06:30,""11,3"",13:30,05,""2,8"",""10,3"",21:20,""933,8"",Varias,""929,5"",17"
"2018-02-23,3195,""MADRID, RETIRO"",MADRID,667,""4,3"",""0,0"",""-1,3"",07:30,""9,9"",16:40,10,""1,4"",""11,1"",13:50,""930,8"",00,""927,7"",15"
"2018-02-24,3195,""MADRID, RETIRO"",MADRID,667,""5,4"",""0,0"",""-0,3"",Varias,""11,0"",16:30,17,""1,4"",""5,8"",15:50,""931,6"",24,""928,4"",00"
"2018-02-25,3195,""MADRID, RETIRO"",MADRID,667,""6,8"",""0,0"",""0,0"",07:30,""13,5"",16:15,23,""1,4"",""5,6"",16:50,""935,8"",Varias,""931,4"",00"
"2018-02-26,3195,""MADRID, RETIRO"",MADRID,667,""8,8"",""0,0"",""1,7"",07:15,""16,0"",15:50,08,""1,1"",""10,3"",23:30,""935,1"",00,""925,0"",20"
"2018-02-27,3195,""MADRID, RETIRO"",MADRID,667,""3,6"",""19,9"",""1,5"",11:50,""5,6"",00:00,04,""1,7"",""11,1"",01:40,""927,6"",12,""924,4"",24"
"2018-02-28,3195,""MADRID, RETIRO"",MADRID,667,""7,8"",""19,2"",""3,6"",01:40,""12,0"",15:30,21,""1,9"",""14,2"",15:00,""924,4"",00,""915,0"",Varias"
"2018-03-01,3195,""MADRID, RETIRO"",MADRID,667,""8,4"",""17,3"",""5,4"",23:59,""11,5"",14:30,25,""4,2"",""23,3"",16:50,,,,"
"2018-03-02,3195,""MADRID, RETIRO"",MADRID,667,""6,4"",""15,3"",""4,2"",03:30,""8,5"",23:50,22,""1,9"",""13,1"",23:59,,,,"
"2018-03-03,3195,""MADRID, RETIRO"",MADRID,667,""9,4"",""13,8"",""5,3"",03:40,""13,4"",12:50,26,""3,6"",""13,6"",02:50,,,,"
"2018-03-04,3195,""MADRID, RETIRO"",MADRID,667,""9,2"",""4,9"",""5,4"",Varias,""13,0"",13:20,17,""2,5"",""10,6"",21:00,,,,"
"2018-03-05,3195,""MADRID, RETIRO"",MADRID,667,""7,4"",""2,1"",""5,8"",06:30,""8,9"",16:30,30,""3,6"",""10,6"",19:00,,,,"
"2018-03-06,3195,""MADRID, RETIRO"",MADRID,667,""7,4"",""1,0"",""4,2"",Varias,""10,7"",16:20,28,""3,1"",""11,9"",16:20,,,,"
"2018-03-07,3195,""MADRID, RETIRO"",MADRID,667,""6,8"",""2,6"",""2,5"",05:10,""11,0"",13:50,23,""2,2"",""8,3"",13:10,,,,"
"2018-03-08,3195,""MADRID, RETIRO"",MADRID,667,""7,7"",""1,0"",""4,5"",05:40,""10,9"",15:50,17,""1,7"",""5,8"",01:10,,,,"
"2018-03-09,3195,""MADRID, RETIRO"",MADRID,667,""10,5"",""11,9"",""9,4"",06:40,""11,6"",12:15,16,""3,1"",""11,1"",19:40,,,,"
"2018-03-10,3195,""MADRID, RETIRO"",MADRID,667,""9,7"",""23,7"",""7,5"",23:59,""11,9"",07:20,23,""2,8"",""11,9"",23:20,,,,"
"2018-03-11,3195,""MADRID, RETIRO"",MADRID,667,""8,2"",""1,1"",""6,0"",07:30,""10,5"",12:50,28,""5,0"",""17,5"",10:50,,,,"
"2018-03-12,3195,""MADRID, RETIRO"",MADRID,667,""9,8"",""1,5"",""6,5"",06:50,""13,2"",15:10,23,""3,9"",""13,3"",00:10,,,,"
"2018-03-13,3195,""MADRID, RETIRO"",MADRID,667,""10,3"",""0,3"",""6,6"",04:10,""14,0"",13:10,23,""2,2"",""9,2"",13:20,,,,"
"2018-03-14,3195,""MADRID, RETIRO"",MADRID,667,""9,8"",""22,9"",""6,6"",22:40,""13,1"",16:20,20,""3,1"",""13,1"",16:10,,,,"
"2018-03-15,3195,""MADRID, RETIRO"",MADRID,667,""8,9"",""0,1"",""6,2"",Varias,""11,6"",14:40,99,""5,0"",""13,6"",Varias,,,,"
"2018-03-16,3195,""MADRID, RETIRO"",MADRID,667,""8,2"",""3,2"",""4,6"",06:30,""11,7"",13:30,36,""3,3"",""10,8"",17:00,,,,"
"2018-03-17,3195,""MADRID, RETIRO"",MADRID,667,""6,2"",""7,3"",""3,0"",11:00,""9,5"",14:00,36,""2,8"",""11,1"",14:30,,,,"
"2018-03-18,3195,""MADRID, RETIRO"",MADRID,667,""8,4"",""0,0"",""4,0"",06:30,""12,8"",13:20,88,""3,3"",""10,3"",12:30,,,,"
"2018-03-19,3195,""MADRID, RETIRO"",MADRID,667,""6,7"",""4,2"",""3,8"",23:59,""9,6"",15:45,36,""3,3"",""15,6"",10:50,,,,"
"2018-03-20,3195,""MADRID, RETIRO"",MADRID,667,""6,3"",Ip,""2,6"",07:00,""10,0"",15:30,88,""5,3"",""15,8"",14:10,,,,"
"2018-03-21,3195,""MADRID, RETIRO"",MADRID,667,""7,3"",""0,0"",""2,4"",02:00,""12,2"",14:10,36,""4,2"",""13,6"",15:00,,,,"
"2018-03-22,3195,""MADRID, RETIRO"",MADRID,667,""6,6"",""0,0"",""-0,3"",06:30,""13,5"",16:20,36,""2,2"",""6,4"",12:40,,,,"
"2018-03-23,3195,""MADRID, RETIRO"",MADRID,667,""9,4"",""3,5"",""4,5"",Varias,""14,2"",12:50,27,""3,1"",""15,6"",23:30,,,,"
"2018-03-24,3195,""MADRID, RETIRO"",MADRID,667,""7,6"",""0,0"",""4,0"",04:50,""11,3"",16:10,31,""6,1"",""20,3"",12:50,,,,"
"2018-03-25,3195,""MADRID, RETIRO"",MADRID,667,""9,6"",""0,0"",""5,2"",06:20,""13,9"",13:30,29,""2,5"",""8,9"",01:00,,,,"
"2018-03-26,3195,""MADRID, RETIRO"",MADRID,667,""9,6"",""0,0"",""3,6"",06:30,""15,5"",14:00,33,""1,9"",""6,1"",18:10,,,,"
"2018-03-27,3195,""MADRID, RETIRO"",MADRID,667,""14,6"",""0,0"",""8,5"",01:30,""20,6"",14:30,27,""1,9"",""9,7"",15:30,,,,"
"2018-03-28,3195,""MADRID, RETIRO"",MADRID,667,""15,0"",""0,0"",""9,2"",06:30,""20,8"",14:20,26,""3,3"",""12,2"",17:30,,,,"
"2018-03-29,3195,""MADRID, RETIRO"",MADRID,667,""12,2"",""0,8"",""8,5"",23:59,""15,8"",14:40,26,""4,2"",""14,7"",18:30,,,,"
"2018-03-30,3195,""MADRID, RETIRO"",MADRID,667,""7,8"",""2,2"",""4,0"",23:59,""11,7"",15:30,25,""4,2"",""17,5"",18:20,,,,"
"2018-03-31,3195,""MADRID, RETIRO"",MADRID,667,""8,8"",""0,0"",""3,2"",04:30,""14,5"",14:20,26,""2,8"",""12,2"",13:30,,,,"
"2018-04-01,3195,""MADRID, RETIRO"",MADRID,667,""11,4"",""0,0"",""5,4"",06:10,""17,5"",15:10,12,""1,4"",""7,5"",14:10,""940,8"",00,""933,9"",24"
"2018-04-02,3195,""MADRID, RETIRO"",MADRID,667,""14,4"",""5,3"",""9,4"",07:00,""19,4"",14:30,24,""3,3"",""11,7"",16:50,""933,9"",00,""928,8"",16"
"2018-04-03,3195,""MADRID, RETIRO"",MADRID,667,""12,3"",""0,0"",""8,4"",23:50,""16,2"",14:40,22,""4,4"",""15,3"",15:00,""932,3"",24,""930,0"",17"
"2018-04-04,3195,""MADRID, RETIRO"",MADRID,667,""11,7"",""0,0"",""7,4"",03:10,""16,0"",15:50,25,""4,7"",""15,3"",16:30,""942,1"",24,""932,3"",00"
"2018-04-05,3195,""MADRID, RETIRO"",MADRID,667,""12,3"",""0,0"",""6,0"",06:10,""18,6"",14:40,05,""1,1"",""5,8"",22:30,""943,0"",10,""936,9"",24"
"2018-04-06,3195,""MADRID, RETIRO"",MADRID,667,""13,6"",""7,4"",""9,8"",07:00,""17,5"",15:30,06,""0,8"",""10,0"",07:40,""936,9"",00,""929,0"",19"
"2018-04-07,3195,""MADRID, RETIRO"",MADRID,667,""9,4"",""4,1"",""7,4"",23:59,""11,4"",00:20,,,,,""931,2"",21,""928,7"",15"
"2018-04-08,3195,""MADRID, RETIRO"",MADRID,667,""10,4"",""2,5"",""5,2"",Varias,""15,5"",14:30,,,,,""931,4"",Varias,""929,5"",Varias"
"2018-04-09,3195,""MADRID, RETIRO"",MADRID,667,""6,8"",""2,7"",""4,7"",04:50,""9,0"",00:00,,,,,""931,2"",23,""928,7"",02"
"2018-04-10,3195,""MADRID, RETIRO"",MADRID,667,""5,4"",""17,6"",""3,1"",18:50,""7,6"",01:50,,,,,""930,4"",00,""917,6"",17"
"2018-04-11,3195,""MADRID, RETIRO"",MADRID,667,""7,0"",""0,0"",""3,1"",03:00,""11,0"",Varias,,,,,""926,7"",24,""920,0"",02"
"2018-04-12,3195,""MADRID, RETIRO"",MADRID,667,""8,4"",""7,4"",""5,3"",06:40,""11,4"",12:00,,,,,""938,5"",10,""924,5"",18"
"2018-04-13,3195,""MADRID, RETIRO"",MADRID,667,""9,8"",""4,8"",""5,2"",04:10,""14,3"",14:20,,,,,""935,4"",24,""924,6"",00"
"2018-04-14,3195,""MADRID, RETIRO"",MADRID,667,""10,8"",""0,2"",""5,2"",Varias,""16,5"",16:00,,,,,""939,5"",24,""935,4"",00"
"2018-04-15,3195,""MADRID, RETIRO"",MADRID,667,""13,3"",""14,3"",""8,6"",23:59,""18,0"",12:40,,,,,""940,6"",07,""934,7"",23"
"2018-04-16,3195,""MADRID, RETIRO"",MADRID,667,""12,3"",""0,0"",""7,0"",03:00,""17,6"",15:50,,,,,""944,7"",24,""936,4"",01"
"2018-04-17,3195,""MADRID, RETIRO"",MADRID,667,""14,6"",""0,0"",""7,6"",04:20,""21,6"",Varias,,,,,""947,2"",11,""944,7"",00"
"2018-04-18,3195,""MADRID, RETIRO"",MADRID,667,""18,4"",""0,0"",""12,2"",05:50,""24,7"",16:15,,""1,9"",,,""947,0"",09,""944,5"",Varias"
"2018-04-19,3195,""MADRID, RETIRO"",MADRID,667,""18,1"",""0,0"",""12,2"",04:30,""24,0"",14:50,15,""2,8"",""9,2"",21:00,""946,8"",02,""942,6"",18"
"2018-04-20,3195,""MADRID, RETIRO"",MADRID,667,""17,4"",""0,0"",""12,3"",05:30,""22,5"",14:40,16,""3,3"",""12,2"",14:50,""944,3"",03,""940,8"",17"
"2018-04-21,3195,""MADRID, RETIRO"",MADRID,667,""15,7"",""0,0"",""11,6"",06:50,""19,8"",15:30,03,""2,5"",""9,2"",12:30,""943,1"",00,""939,5"",19"
"2018-04-22,3195,""MADRID, RETIRO"",MADRID,667,""18,0"",Ip,""13,0"",02:20,""22,9"",14:10,10,""1,9"",""7,8"",15:30,""941,2"",00,""937,0"",16"
"2018-04-23,3195,""MADRID, RETIRO"",MADRID,667,""19,4"",""0,0"",""14,4"",07:00,""24,3"",15:40,08,""2,5"",""9,2"",12:00,""942,0"",08,""940,5"",17"
"2018-04-24,3195,""MADRID, RETIRO"",MADRID,667,""20,5"",""0,0"",""14,6"",05:30,""26,4"",15:20,10,""1,4"",""7,8"",15:10,""941,4"",04,""939,1"",18"
"2018-04-25,3195,""MADRID, RETIRO"",MADRID,667,""20,8"",""0,0"",""13,1"",04:50,""28,5"",Varias,04,""2,2"",""10,8"",17:50,""941,6"",24,""937,2"",Varias"
"2018-04-26,3195,""MADRID, RETIRO"",MADRID,667,""20,2"",""0,0"",""14,0"",05:30,""26,5"",14:20,22,""2,5"",""8,3"",16:40,""941,6"",00,""937,1"",19"
"2018-04-27,3195,""MADRID, RETIRO"",MADRID,667,""19,4"",""0,0"",""14,3"",05:50,""24,4"",13:50,26,""2,5"",""10,3"",21:20,""937,2"",00,""933,9"",21"
"2018-04-28,3195,""MADRID, RETIRO"",MADRID,667,""14,4"",""6,2"",""10,2"",23:59,""18,7"",13:30,22,""3,6"",""11,9"",15:40,""935,1"",07,""930,1"",24"
"2018-04-29,3195,""MADRID, RETIRO"",MADRID,667,""8,3"",""3,8"",""4,0"",06:30,""12,6"",14:10,24,""4,4"",""14,4"",13:40,""937,0"",24,""928,3"",04"
"2018-04-30,3195,""MADRID, RETIRO"",MADRID,667,""8,2"",""2,5"",""4,0"",06:00,""12,5"",11:50,31,""0,8"",""7,8"",12:00,""938,2"",24,""936,2"",16"
"2018-05-01,3195,""MADRID, RETIRO"",MADRID,667,""10,7"",""0,0"",""5,5"",05:00,""15,9"",15:50,08,""0,8"",""6,7"",08:20,""938,9"",11,""936,2"",18"
"2018-05-02,3195,""MADRID, RETIRO"",MADRID,667,""12,1"",""0,0"",""6,4"",05:30,""17,8"",13:30,26,""1,4"",""8,3"",11:30,""938,5"",24,""936,4"",05"
"2018-05-03,3195,""MADRID, RETIRO"",MADRID,667,""14,4"",""0,0"",""9,3"",04:20,""19,4"",14:30,02,""1,9"",""11,4"",21:20,""938,5"",00,""935,7"",15"
"2018-05-04,3195,""MADRID, RETIRO"",MADRID,667,""14,0"",""0,0"",""7,5"",05:30,""20,5"",16:00,04,""2,2"",""11,1"",07:00,""938,8"",24,""936,3"",Varias"
"2018-05-05,3195,""MADRID, RETIRO"",MADRID,667,""17,1"",Ip,""9,9"",05:50,""24,3"",14:40,12,""1,7"",""13,3"",21:00,""940,9"",24,""937,2"",Varias"
"2018-05-06,3195,""MADRID, RETIRO"",MADRID,667,""18,4"",""1,5"",""12,8"",04:50,""24,0"",14:50,08,""1,7"",""12,8"",21:00,""942,1"",09,""937,6"",18"
"2018-05-07,3195,""MADRID, RETIRO"",MADRID,667,""17,6"",""13,5"",""12,4"",Varias,""22,7"",15:15,09,""1,4"",""16,7"",19:00,""940,6"",10,""936,4"",17"
"2018-05-08,3195,""MADRID, RETIRO"",MADRID,667,""18,8"",""0,2"",""12,5"",05:30,""25,2"",13:40,08,""1,1"",""7,8"",14:40,""937,1"",10,""933,9"",17"
"2018-05-09,3195,""MADRID, RETIRO"",MADRID,667,""19,1"",""0,0"",""13,2"",05:30,""25,0"",13:50,31,""1,9"",""7,8"",19:10,""935,6"",00,""933,2"",17"
"2018-05-10,3195,""MADRID, RETIRO"",MADRID,667,""18,7"",""0,0"",""13,5"",06:20,""23,9"",14:10,03,""2,5"",""10,3"",07:10,""939,5"",24,""934,8"",00"
"2018-05-11,3195,""MADRID, RETIRO"",MADRID,667,""19,2"",""0,0"",""13,3"",06:00,""25,1"",14:50,26,""2,2"",""8,6"",20:00,""941,2"",10,""938,0"",18"
"2018-05-12,3195,""MADRID, RETIRO"",MADRID,667,""15,4"",""0,0"",""10,5"",23:50,""20,2"",12:40,31,""3,1"",""11,1"",17:20,""941,4"",24,""937,4"",15"
"2018-05-13,3195,""MADRID, RETIRO"",MADRID,667,""11,8"",""0,0"",""6,0"",05:20,""17,5"",16:30,26,""2,5"",""10,3"",15:30,""943,9"",10,""941,4"",00"
"2018-05-14,3195,""MADRID, RETIRO"",MADRID,667,""14,9"",""0,0"",""10,4"",05:50,""19,4"",15:10,07,""1,7"",""10,0"",23:10,""943,7"",00,""940,2"",19"
"2018-05-15,3195,""MADRID, RETIRO"",MADRID,667,""15,8"",""0,0"",""8,0"",04:40,""23,5"",15:40,04,""1,9"",""12,2"",22:10,""942,1"",08,""938,0"",19"
"2018-05-16,3195,""MADRID, RETIRO"",MADRID,667,""18,4"",""0,0"",""11,8"",05:20,""25,0"",14:30,04,""2,2"",""11,4"",00:00,""940,0"",Varias,""936,1"",Varias"
"2018-05-17,3195,""MADRID, RETIRO"",MADRID,667,""20,0"",Ip,""14,8"",04:30,""25,3"",14:40,01,""1,1"",""9,4"",22:40,""938,6"",11,""935,4"",Varias"
"2018-05-18,3195,""MADRID, RETIRO"",MADRID,667,""18,7"",""0,7"",""14,2"",Varias,""23,2"",12:10,19,""0,8"",""9,7"",14:40,""940,2"",23,""937,2"",Varias"
"2018-05-19,3195,""MADRID, RETIRO"",MADRID,667,""19,5"",""0,1"",""13,6"",04:30,""25,4"",12:50,04,""0,6"",""11,1"",23:59,""941,1"",09,""937,3"",20"
"2018-05-20,3195,""MADRID, RETIRO"",MADRID,667,""17,9"",""0,0"",""13,3"",04:40,""22,5"",15:20,03,""1,1"",""12,8"",00:30,""939,6"",00,""934,4"",18"
"2018-05-21,3195,""MADRID, RETIRO"",MADRID,667,""19,0"",""5,6"",""13,6"",04:10,""24,3"",14:50,03,""0,8"",""9,4"",19:00,""936,8"",24,""933,4"",16"
"2018-05-22,3195,""MADRID, RETIRO"",MADRID,667,""18,6"",""0,1"",""12,6"",04:50,""24,6"",12:30,33,""0,0"",""6,1"",13:20,""939,0"",24,""936,2"",04"
"2018-05-23,3195,""MADRID, RETIRO"",MADRID,667,""20,8"",""0,3"",""15,3"",05:10,""26,3"",15:40,23,""1,4"",""15,3"",Varias,""940,1"",Varias,""937,3"",17"
"2018-05-24,3195,""MADRID, RETIRO"",MADRID,667,""21,7"",""28,9"",""15,7"",05:15,""27,7"",16:10,,,,,""939,4"",09,""933,5"",18"
"2018-05-25,3195,""MADRID, RETIRO"",MADRID,667,""15,8"",""8,9"",""12,0"",08:40,""19,5"",16:30,,,,,""938,5"",01,""935,1"",17"
"2018-05-26,3195,""MADRID, RETIRO"",MADRID,667,""16,9"",""0,0"",""11,8"",01:50,""22,0"",14:00,,,,,""937,4"",22,""936,0"",04"
"2018-05-27,3195,""MADRID, RETIRO"",MADRID,667,""19,3"",""3,6"",""13,1"",03:50,""25,5"",14:00,,,,,""938,2"",Varias,""934,7"",19"
"2018-05-28,3195,""MADRID, RETIRO"",MADRID,667,""15,5"",""13,8"",""13,2"",23:59,""17,8"",14:30,,,,,""938,4"",22,""935,4"",15"
"2018-05-29,3195,""MADRID, RETIRO"",MADRID,667,""16,2"",""1,0"",""12,6"",Varias,""19,9"",11:10,,,,,""937,9"",00,""935,7"",18"
"2018-05-30,3195,""MADRID, RETIRO"",MADRID,667,""14,8"",""0,2"",""11,0"",05:15,""18,6"",18:00,,,,,""939,0"",24,""936,0"",05"
"2018-05-31,3195,""MADRID, RETIRO"",MADRID,667,""17,8"",""0,0"",""12,5"",05:30,""23,1"",14:00,,,,,""941,1"",24,""939,0"",00"
"2018-06-01,3195,""MADRID, RETIRO"",MADRID,667,""18,7"",""2,3"",""13,6"",05:10,""23,8"",13:10,,,,,""941,7"",08,""937,9"",19"
"2018-06-02,3195,""MADRID, RETIRO"",MADRID,667,""18,2"",""3,9"",""12,8"",23:59,""23,5"",14:30,24,""1,9"",""11,7"",16:10,""941,1"",Varias,""939,1"",17"
"2018-06-03,3195,""MADRID, RETIRO"",MADRID,667,""17,8"",""0,0"",""11,7"",04:40,""23,8"",13:50,26,""2,2"",""10,8"",15:40,""940,2"",00,""936,3"",Varias"
"2018-06-04,3195,""MADRID, RETIRO"",MADRID,667,""16,2"",""0,0"",""12,4"",05:40,""20,0"",14:40,22,""3,1"",""10,0"",17:50,""938,0"",Varias,""936,0"",17"
"2018-06-05,3195,""MADRID, RETIRO"",MADRID,667,""15,9"",""2,4"",""12,0"",04:20,""19,8"",13:20,28,""1,7"",""8,3"",17:40,""936,9"",00,""935,1"",17"
"2018-06-06,3195,""MADRID, RETIRO"",MADRID,667,""15,0"",""3,5"",""10,5"",06:10,""19,6"",16:30,32,""1,7"",""8,6"",14:00,""940,2"",22,""935,4"",03"
"2018-06-07,3195,""MADRID, RETIRO"",MADRID,667,""17,7"",""2,8"",""12,0"",04:40,""23,4"",13:30,26,""2,5"",""8,9"",16:00,""940,8"",10,""938,8"",23"
"2018-06-08,3195,""MADRID, RETIRO"",MADRID,667,""15,4"",""2,8"",""12,2"",00:00,""18,6"",Varias,23,""2,2"",""8,9"",18:00,""939,0"",00,""931,1"",17"
"2018-06-09,3195,""MADRID, RETIRO"",MADRID,667,""16,2"",""0,5"",""11,7"",05:10,""20,7"",12:00,26,""1,9"",""10,0"",17:00,""937,9"",Varias,""936,0"",Varias"
"2018-06-10,3195,""MADRID, RETIRO"",MADRID,667,""15,3"",""0,0"",""11,2"",03:40,""19,4"",16:30,23,""1,9"",""8,6"",13:30,""937,9"",00,""934,8"",19"
"2018-06-11,3195,""MADRID, RETIRO"",MADRID,667,""16,8"",Ip,""12,5"",05:20,""21,0"",15:50,26,""2,5"",""8,3"",16:00,""938,0"",24,""936,2"",17"
"2018-06-12,3195,""MADRID, RETIRO"",MADRID,667,""18,6"",""0,0"",""13,0"",05:10,""24,3"",13:30,03,""1,9"",""8,1"",17:00,""941,5"",22,""937,5"",02"
"2018-06-13,3195,""MADRID, RETIRO"",MADRID,667,""19,6"",""0,0"",""13,7"",05:00,""25,5"",13:30,99,""2,5"",""8,9"",Varias,""942,4"",Varias,""939,4"",17"
"2018-06-14,3195,""MADRID, RETIRO"",MADRID,667,""19,8"",""0,0"",""12,7"",05:30,""27,0"",14:40,35,""1,7"",""8,3"",14:40,""941,2"",08,""938,7"",17"
"2018-06-15,3195,""MADRID, RETIRO"",MADRID,667,""23,0"",""0,0"",""15,3"",05:20,""30,7"",14:10,10,""1,4"",""9,4"",22:30,""940,9"",09,""937,1"",Varias"
"2018-06-16,3195,""MADRID, RETIRO"",MADRID,667,""24,6"",""0,0"",""18,0"",04:30,""31,1"",15:00,05,""1,9"",""8,9"",23:20,""941,1"",24,""938,5"",18"
"2018-06-17,3195,""MADRID, RETIRO"",MADRID,667,""25,1"",""0,0"",""17,9"",04:50,""32,3"",14:45,03,""3,1"",""10,0"",18:30,""946,2"",23,""941,1"",00"
"2018-06-18,3195,""MADRID, RETIRO"",MADRID,667,""24,8"",""0,0"",""17,6"",05:00,""32,1"",15:20,06,""2,5"",""10,3"",23:50,""945,9"",10,""942,1"",19"
"2018-06-19,3195,""MADRID, RETIRO"",MADRID,667,""24,9"",""0,0"",""17,3"",04:40,""32,5"",14:20,05,""1,7"",""10,3"",00:20,""944,0"",09,""940,4"",20"
"2018-06-20,3195,""MADRID, RETIRO"",MADRID,667,""26,6"",""0,0"",""20,2"",05:20,""33,0"",14:30,13,""1,7"",""8,9"",23:30,""943,1"",07,""939,1"",18"
"2018-06-21,3195,""MADRID, RETIRO"",MADRID,667,""26,9"",""0,0"",""20,5"",05:10,""33,3"",14:00,10,""1,7"",""6,9"",11:30,""943,0"",08,""939,8"",17"
"2018-06-22,3195,""MADRID, RETIRO"",MADRID,667,""27,7"",""0,0"",""21,6"",04:50,""33,8"",14:40,06,""1,7"",""8,3"",21:30,""942,4"",Varias,""938,7"",Varias"
"2018-06-23,3195,""MADRID, RETIRO"",MADRID,667,""28,5"",""0,0"",""21,5"",06:00,""35,5"",14:50,06,""1,1"",""8,6"",22:40,""941,2"",Varias,""938,2"",Varias"
"2018-06-24,3195,""MADRID, RETIRO"",MADRID,667,""29,3"",""0,0"",""22,0"",05:50,""36,6"",15:10,04,""1,1"",""7,8"",22:40,""940,5"",07,""937,3"",19"
"2018-06-25,3195,""MADRID, RETIRO"",MADRID,667,""29,6"",""0,0"",""22,9"",06:15,""36,2"",15:00,06,""1,7"",""8,3"",00:10,""940,4"",08,""937,1"",17"
"2018-06-26,3195,""MADRID, RETIRO"",MADRID,667,""29,0"",""0,0"",""23,0"",06:00,""35,0"",14:40,25,""1,9"",""8,1"",17:40,""940,5"",Varias,""937,8"",17"
"2018-06-27,3195,""MADRID, RETIRO"",MADRID,667,""26,9"",""0,0"",""21,9"",05:00,""31,9"",14:10,29,""2,2"",""9,7"",14:00,""940,8"",08,""937,7"",19"
"2018-06-28,3195,""MADRID, RETIRO"",MADRID,667,""26,0"",""0,1"",""20,9"",06:20,""31,0"",11:30,23,""2,2"",""7,8"",13:40,""938,2"",00,""932,5"",19"
"2018-06-29,3195,""MADRID, RETIRO"",MADRID,667,""26,0"",""0,0"",""20,5"",05:40,""31,6"",15:40,05,""1,7"",""9,7"",20:50,""934,1"",08,""930,3"",Varias"
"2018-06-30,3195,""MADRID, RETIRO"",MADRID,667,""24,4"",""0,7"",""20,2"",07:00,""28,7"",14:30,16,""2,8"",""9,7"",14:20,""934,1"",23,""931,8"",16"
"2018-07-01,3195,""MADRID, RETIRO"",MADRID,667,""23,3"",""0,0"",""18,6"",06:10,""28,0"",14:30,24,""2,8"",""10,3"",18:10,""937,2"",24,""934,0"",00"
"2018-07-02,3195,""MADRID, RETIRO"",MADRID,667,""22,0"",""0,0"",""16,5"",05:30,""27,5"",14:40,25,""2,5"",""8,9"",13:00,""940,8"",21,""936,3"",01"
"2018-07-03,3195,""MADRID, RETIRO"",MADRID,667,""23,4"",""0,0"",""16,2"",05:40,""30,7"",16:10,99,""1,1"",""7,5"",Varias,""942,0"",09,""938,6"",Varias"
"2018-07-04,3195,""MADRID, RETIRO"",MADRID,667,""23,0"",""0,0"",""18,5"",05:45,""27,5"",Varias,23,""2,5"",""12,5"",12:00,""942,2"",24,""937,6"",04"
"2018-07-05,3195,""MADRID, RETIRO"",MADRID,667,""22,5"",""0,0"",""17,0"",05:30,""28,0"",17:30,30,""0,8"",""6,9"",00:20,""943,5"",Varias,""941,7"",18"
"2018-07-06,3195,""MADRID, RETIRO"",MADRID,667,""25,1"",""0,0"",""18,5"",05:30,""31,7"",13:40,04,""1,9"",""10,3"",05:00,""944,2"",10,""940,5"",Varias"
"2018-07-07,3195,""MADRID, RETIRO"",MADRID,667,""27,5"",""0,0"",""21,4"",05:00,""33,6"",14:20,10,""1,9"",""9,7"",23:10,""943,1"",09,""939,0"",18"
"2018-07-08,3195,""MADRID, RETIRO"",MADRID,667,""28,2"",""0,0"",""21,7"",05:10,""34,6"",13:45,05,""1,9"",""11,7"",21:30,""944,1"",Varias,""940,4"",Varias"
"2018-07-09,3195,""MADRID, RETIRO"",MADRID,667,""28,2"",""0,0"",""21,8"",05:30,""34,5"",13:50,06,""1,7"",""10,8"",22:40,""943,3"",Varias,""939,7"",19"
"2018-07-10,3195,""MADRID, RETIRO"",MADRID,667,""28,4"",""0,0"",""21,5"",06:00,""35,2"",13:50,06,""2,2"",""11,1"",00:10,""942,4"",08,""938,2"",18"
"2018-07-11,3195,""MADRID, RETIRO"",MADRID,667,""27,3"",""0,0"",""21,4"",06:10,""33,2"",14:10,23,""2,8"",""10,8"",16:40,""940,6"",00,""935,2"",19"
"2018-07-12,3195,""MADRID, RETIRO"",MADRID,667,""26,8"",""0,0"",""21,0"",06:30,""32,7"",15:00,04,""1,4"",""9,7"",23:30,""939,2"",11,""936,4"",19"
"2018-07-13,3195,""MADRID, RETIRO"",MADRID,667,""27,6"",""0,0"",""21,7"",05:40,""33,5"",14:40,04,""2,5"",""8,9"",00:10,""940,0"",Varias,""937,0"",19"
"2018-07-14,3195,""MADRID, RETIRO"",MADRID,667,""26,8"",""0,0"",""20,3"",05:10,""33,2"",14:40,23,""1,7"",""9,4"",16:10,""941,3"",10,""938,8"",19"
"2018-07-15,3195,""MADRID, RETIRO"",MADRID,667,""24,3"",""0,0"",""19,0"",05:30,""29,6"",14:10,24,""2,2"",""11,9"",19:10,""941,9"",09,""938,6"",18"
"2018-07-16,3195,""MADRID, RETIRO"",MADRID,667,""23,7"",""0,0"",""17,2"",05:40,""30,2"",13:30,29,""1,4"",""8,6"",00:30,""942,8"",10,""940,5"",00"
"2018-07-17,3195,""MADRID, RETIRO"",MADRID,667,""26,4"",""0,0"",""19,2"",05:15,""33,5"",13:50,07,""1,7"",""8,6"",06:20,""942,8"",08,""936,6"",20"
"2018-07-18,3195,""MADRID, RETIRO"",MADRID,667,""27,1"",""0,0"",""21,3"",05:40,""32,9"",14:00,25,""1,9"",""11,1"",15:10,""939,0"",Varias,""936,8"",01"
"2018-07-19,3195,""MADRID, RETIRO"",MADRID,667,""26,2"",""0,0"",""19,4"",06:05,""32,9"",14:00,25,""1,9"",""10,3"",16:50,""940,6"",08,""937,4"",17"
"2018-07-20,3195,""MADRID, RETIRO"",MADRID,667,""25,4"",""0,0"",""18,7"",05:30,""32,0"",13:40,04,""1,1"",""9,7"",19:20,""938,7"",24,""936,7"",18"
"2018-07-21,3195,""MADRID, RETIRO"",MADRID,667,""24,0"",""0,0"",""17,4"",05:10,""30,5"",13:50,03,""2,2"",""10,3"",20:00,""940,2"",Varias,""936,4"",18"
"2018-07-22,3195,""MADRID, RETIRO"",MADRID,667,""24,9"",""0,0"",""18,1"",06:00,""31,7"",14:30,08,""0,8"",""8,1"",00:40,""938,8"",24,""936,8"",18"
"2018-07-23,3195,""MADRID, RETIRO"",MADRID,667,""27,6"",""0,0"",""20,5"",05:20,""34,7"",14:50,23,""1,9"",""8,3"",15:10,""940,8"",08,""937,0"",19"
"2018-07-24,3195,""MADRID, RETIRO"",MADRID,667,""26,4"",""0,0"",""19,8"",05:00,""33,0"",13:50,26,""1,9"",""8,6"",10:10,""939,1"",Varias,""936,9"",Varias"
"2018-07-25,3195,""MADRID, RETIRO"",MADRID,667,""27,2"",""0,0"",""19,9"",06:30,""34,6"",14:10,26,""1,1"",""7,8"",12:10,""939,9"",10,""936,3"",19"
"2018-07-26,3195,""MADRID, RETIRO"",MADRID,667,""27,2"",""0,0"",""19,8"",05:50,""34,5"",14:20,26,""1,7"",""8,9"",15:40,""938,2"",Varias,""935,9"",18"
"2018-07-27,3195,""MADRID, RETIRO"",MADRID,667,""26,8"",""0,0"",""19,0"",Varias,""34,5"",14:40,25,""2,2"",""10,8"",15:10,""938,4"",Varias,""935,7"",Varias"
"2018-07-28,3195,""MADRID, RETIRO"",MADRID,667,""25,9"",""0,0"",""18,6"",05:10,""33,2"",14:00,27,""2,2"",""10,8"",15:20,""938,6"",12,""936,7"",Varias"
"2018-07-29,3195,""MADRID, RETIRO"",MADRID,667,""26,2"",""0,0"",""19,8"",16:30,""32,6"",14:10,22,""1,7"",""7,5"",11:30,""939,9"",24,""936,9"",05"
"2018-07-30,3195,""MADRID, RETIRO"",MADRID,667,""26,8"",""0,0"",""19,4"",05:30,""34,1"",14:40,28,""1,4"",""6,9"",15:00,""941,2"",09,""938,7"",18"
"2018-07-31,3195,""MADRID, RETIRO"",MADRID,667,""28,2"",""0,0"",""21,1"",04:50,""35,3"",14:10,16,""1,1"",""6,4"",15:00,""941,8"",08,""938,7"",18"
"2018-08-01,3195,""MADRID, RETIRO"",MADRID,667,""30,2"",""0,0"",""23,3"",05:45,""37,0"",13:50,04,""0,6"",""6,4"",00:40,""941,1"",10,""938,8"",18"
"2018-08-02,3195,""MADRID, RETIRO"",MADRID,667,""31,6"",""0,0"",""24,6"",06:10,""38,5"",14:10,07,""1,1"",""7,5"",22:50,""943,8"",08,""939,7"",18"
"2018-08-03,3195,""MADRID, RETIRO"",MADRID,667,""32,9"",""0,0"",""25,9"",06:50,""39,9"",14:20,04,""1,7"",""10,8"",17:20,""942,4"",Varias,""939,6"",18"
"2018-08-04,3195,""MADRID, RETIRO"",MADRID,667,""31,0"",""0,0"",""23,4"",07:00,""38,6"",14:15,,,,,""943,3"",07,""940,1"",18"
"2018-08-05,3195,""MADRID, RETIRO"",MADRID,667,""31,0"",""0,0"",""24,4"",05:30,""37,6"",14:10,06,""0,8"",""9,7"",00:30,""942,1"",10,""938,6"",18"
"2018-08-06,3195,""MADRID, RETIRO"",MADRID,667,""30,6"",""0,0"",""24,4"",06:40,""36,9"",15:50,17,""1,7"",""11,9"",17:50,""941,0"",Varias,""936,5"",19"
"2018-08-07,3195,""MADRID, RETIRO"",MADRID,667,""30,7"",""0,0"",""24,7"",03:10,""36,7"",14:00,25,""2,8"",""11,7"",14:00,""937,7"",Varias,""933,5"",18"
"2018-08-08,3195,""MADRID, RETIRO"",MADRID,667,""27,9"",""0,0"",""21,2"",05:40,""34,6"",14:30,24,""2,8"",""13,1"",15:30,""937,2"",10,""933,6"",17"
"2018-08-09,3195,""MADRID, RETIRO"",MADRID,667,""25,4"",""0,0"",""19,5"",Varias,""31,3"",Varias,06,""2,2"",""13,6"",22:50,""943,0"",24,""936,0"",Varias"
"2018-08-10,3195,""MADRID, RETIRO"",MADRID,667,""24,4"",""0,0"",""17,5"",05:40,""31,3"",13:40,04,""2,2"",""13,3"",01:20,""945,8"",Varias,""942,2"",18"
"2018-08-11,3195,""MADRID, RETIRO"",MADRID,667,""27,9"",""0,0"",""22,1"",05:40,""33,7"",14:05,16,""1,4"",""6,7"",00:30,""945,9"",10,""941,0"",19"
"2018-08-12,3195,""MADRID, RETIRO"",MADRID,667,""29,2"",""0,0"",""23,3"",06:20,""35,0"",13:50,26,""2,2"",""11,1"",16:40,""942,3"",Varias,""936,3"",18"
"2018-08-13,3195,""MADRID, RETIRO"",MADRID,667,""27,5"",""0,0"",""21,5"",06:00,""33,5"",14:10,32,""2,2"",""7,8"",18:20,""938,8"",24,""936,1"",18"
"2018-08-14,3195,""MADRID, RETIRO"",MADRID,667,""26,3"",""0,0"",""19,6"",05:40,""33,0"",13:30,04,""1,1"",""9,7"",04:50,""941,9"",10,""938,8"",00"
"2018-08-15,3195,""MADRID, RETIRO"",MADRID,667,""26,7"",""0,0"",""19,6"",06:10,""33,8"",14:00,06,""2,2"",""8,9"",01:30,""941,8"",Varias,""937,6"",18"
"2018-08-16,3195,""MADRID, RETIRO"",MADRID,667,""27,5"",""0,0"",""23,0"",06:30,""32,0"",13:50,24,""1,9"",""7,2"",17:20,""940,6"",12,""937,8"",Varias"
"2018-08-17,3195,""MADRID, RETIRO"",MADRID,667,""26,1"",""0,0"",""20,0"",Varias,""32,2"",14:30,06,""1,9"",""11,9"",23:50,""943,0"",23,""938,3"",16"
"2018-08-18,3195,""MADRID, RETIRO"",MADRID,667,""23,6"",""0,0"",""16,8"",05:10,""30,4"",15:50,05,""1,7"",""12,8"",01:00,""943,1"",07,""940,2"",Varias"
"2018-08-19,3195,""MADRID, RETIRO"",MADRID,667,""25,8"",""0,0"",""20,0"",04:00,""31,6"",14:15,05,""1,7"",""7,2"",00:30,""944,8"",10,""941,7"",18"
"2018-08-20,3195,""MADRID, RETIRO"",MADRID,667,""26,6"",""0,0"",""20,7"",05:15,""32,5"",14:10,11,""1,4"",""5,3"",16:50,""944,5"",Varias,""940,0"",19"
"2018-08-21,3195,""MADRID, RETIRO"",MADRID,667,""27,7"",""0,0"",""21,0"",05:40,""34,4"",13:50,03,""1,1"",""8,3"",16:30,""942,0"",Varias,""938,3"",19"
"2018-08-22,3195,""MADRID, RETIRO"",MADRID,667,""27,4"",""0,0"",""21,9"",06:30,""32,8"",14:45,14,""1,1"",""10,0"",18:30,""942,5"",22,""939,2"",15"
"2018-08-23,3195,""MADRID, RETIRO"",MADRID,667,""27,0"",""0,0"",""20,2"",05:50,""33,8"",14:00,27,""1,1"",""9,4"",16:40,""942,7"",24,""939,7"",18"
"2018-08-24,3195,""MADRID, RETIRO"",MADRID,667,""26,8"",""0,0"",""20,6"",Varias,""33,0"",14:20,33,""1,4"",""10,0"",15:50,""943,0"",12,""939,4"",Varias"
"2018-08-25,3195,""MADRID, RETIRO"",MADRID,667,""25,8"",""0,0"",""18,8"",06:10,""32,8"",14:20,04,""2,2"",""9,4"",21:10,""940,7"",00,""936,8"",Varias"
"2018-08-26,3195,""MADRID, RETIRO"",MADRID,667,""24,4"",""0,0"",""17,4"",06:30,""31,5"",14:20,03,""1,4"",""7,8"",00:10,""941,0"",09,""937,7"",Varias"
"2018-08-27,3195,""MADRID, RETIRO"",MADRID,667,""27,8"",""0,0"",""20,5"",06:30,""35,0"",13:30,21,""1,4"",""8,1"",14:10,""940,6"",10,""938,0"",05"
"2018-08-28,3195,""MADRID, RETIRO"",MADRID,667,""28,0"",""0,0"",""22,3"",06:20,""33,8"",13:10,24,""2,5"",""10,8"",15:40,""940,7"",11,""937,5"",19"
"2018-08-29,3195,""MADRID, RETIRO"",MADRID,667,""25,8"",""0,0"",""20,0"",06:30,""31,5"",14:20,05,""0,8"",""12,5"",23:20,""942,3"",24,""939,5"",00"
"2018-08-30,3195,""MADRID, RETIRO"",MADRID,667,""26,4"",""0,0"",""20,5"",Varias,""32,2"",13:30,04,""1,4"",""8,6"",00:10,""944,4"",10,""940,3"",18"
"2018-08-31,3195,""MADRID, RETIRO"",MADRID,667,""27,3"",""0,0"",""21,2"",06:30,""33,4"",14:40,05,""1,9"",""8,9"",23:00,""942,8"",10,""939,6"",18"
"2018-09-01,3195,""MADRID, RETIRO"",MADRID,667,""27,3"",""0,0"",""21,0"",06:50,""33,6"",13:40,04,""1,1"",""7,5"",01:50,""943,4"",10,""939,2"",19"
"2018-09-02,3195,""MADRID, RETIRO"",MADRID,667,""27,5"",""1,2"",""20,2"",22:10,""34,8"",14:30,34,""1,7"",""9,2"",22:40,""942,4"",08,""937,0"",18"
"2018-09-03,3195,""MADRID, RETIRO"",MADRID,667,""26,8"",""0,0"",""22,3"",06:10,""31,3"",14:50,11,""1,7"",""7,8"",03:40,""937,5"",10,""933,7"",16"
"2018-09-04,3195,""MADRID, RETIRO"",MADRID,667,""24,4"",""0,0"",""19,4"",06:20,""29,5"",13:30,18,""1,4"",""6,9"",15:20,""938,5"",08,""934,6"",17"
"2018-09-05,3195,""MADRID, RETIRO"",MADRID,667,""23,0"",""0,0"",""18,3"",05:10,""27,8"",13:40,25,""2,8"",""10,0"",19:30,""939,6"",09,""936,6"",18"
"2018-09-06,3195,""MADRID, RETIRO"",MADRID,667,""22,6"",""0,0"",""17,8"",03:50,""27,4"",13:30,04,""0,6"",""8,9"",23:50,""939,2"",24,""937,4"",17"
"2018-09-07,3195,""MADRID, RETIRO"",MADRID,667,""22,2"",""5,1"",""16,0"",07:20,""28,5"",13:50,04,""2,2"",""10,0"",00:50,""940,4"",24,""938,0"",18"
"2018-09-08,3195,""MADRID, RETIRO"",MADRID,667,""20,2"",""1,8"",""16,9"",07:50,""23,6"",13:20,05,""1,7"",""7,8"",00:00,""942,8"",24,""940,4"",Varias"
"2018-09-09,3195,""MADRID, RETIRO"",MADRID,667,""21,0"",""0,0"",""15,8"",05:30,""26,3"",14:10,99,""0,8"",""6,1"",Varias,""945,0"",24,""941,6"",18"
"2018-09-10,3195,""MADRID, RETIRO"",MADRID,667,""22,8"",""0,0"",""17,3"",05:20,""28,3"",13:45,12,""1,9"",""10,0"",19:20,""947,6"",23,""944,4"",Varias"
"2018-09-11,3195,""MADRID, RETIRO"",MADRID,667,""23,0"",""0,0"",""17,6"",05:20,""28,5"",13:50,03,""1,9"",""6,7"",19:10,""948,1"",10,""943,9"",17"
"2018-09-12,3195,""MADRID, RETIRO"",MADRID,667,""23,2"",""0,0"",""17,3"",05:30,""29,0"",13:50,04,""0,6"",""6,4"",01:00,""946,6"",Varias,""943,6"",18"
"2018-09-13,3195,""MADRID, RETIRO"",MADRID,667,""25,4"",""0,0"",""18,6"",06:10,""32,2"",13:50,22,""0,8"",""6,1"",14:00,""944,3"",Varias,""940,7"",18"
"2018-09-14,3195,""MADRID, RETIRO"",MADRID,667,""25,5"",""0,0"",""19,4"",06:10,""31,6"",14:00,05,""1,4"",""5,8"",00:00,""943,3"",11,""939,9"",16"
"2018-09-15,3195,""MADRID, RETIRO"",MADRID,667,""25,1"",""0,0"",""20,2"",06:20,""30,0"",13:30,11,""0,8"",""11,9"",19:30,""944,9"",24,""941,3"",17"
"2018-09-16,3195,""MADRID, RETIRO"",MADRID,667,""24,1"",""0,0"",""18,0"",05:50,""30,2"",13:50,13,""0,6"",""5,6"",14:10,""945,2"",Varias,""942,0"",21"
"2018-09-17,3195,""MADRID, RETIRO"",MADRID,667,""24,7"",""1,2"",""18,6"",23:15,""30,8"",13:30,17,""1,9"",""9,2"",19:10,""943,0"",07,""938,2"",16"
"2018-09-18,3195,""MADRID, RETIRO"",MADRID,667,""23,4"",""0,0"",""18,2"",06:20,""28,5"",14:30,05,""1,4"",""6,7"",00:10,""942,8"",24,""940,0"",15"
"2018-09-19,3195,""MADRID, RETIRO"",MADRID,667,""24,2"",""0,0"",""18,0"",05:40,""30,4"",13:50,20,""0,8"",""4,4"",14:20,""945,3"",11,""942,7"",16"
"2018-09-20,3195,""MADRID, RETIRO"",MADRID,667,""25,7"",""0,0"",""19,9"",06:20,""31,5"",13:30,15,""1,1"",""6,1"",13:20,""945,1"",09,""940,9"",22"
"2018-09-21,3195,""MADRID, RETIRO"",MADRID,667,""25,1"",""0,0"",""18,9"",05:00,""31,3"",13:20,05,""1,4"",""7,2"",20:50,""944,7"",24,""941,8"",03"
"2018-09-22,3195,""MADRID, RETIRO"",MADRID,667,""26,2"",""0,0"",""20,0"",06:50,""32,5"",13:20,06,""1,7"",""7,2"",06:10,""946,5"",24,""944,7"",00"
"2018-09-23,3195,""MADRID, RETIRO"",MADRID,667,""27,2"",""0,0"",""20,8"",05:30,""33,5"",13:10,05,""1,4"",""8,6"",23:10,""948,1"",Varias,""944,3"",17"
"2018-09-24,3195,""MADRID, RETIRO"",MADRID,667,""26,0"",""0,0"",""20,0"",06:50,""32,0"",13:10,04,""1,9"",""10,0"",07:50,""948,0"",09,""943,5"",17"
"2018-09-25,3195,""MADRID, RETIRO"",MADRID,667,""23,2"",""0,0"",""17,2"",06:20,""29,3"",13:30,04,""2,2"",""10,0"",04:30,""947,2"",24,""943,4"",16"
"2018-09-26,3195,""MADRID, RETIRO"",MADRID,667,""22,5"",""0,5"",""19,0"",23:59,""26,0"",16:00,16,""2,2"",""7,5"",19:20,""952,8"",24,""947,2"",00"
"2018-09-27,3195,""MADRID, RETIRO"",MADRID,667,""21,0"",""0,0"",""15,7"",06:00,""26,4"",13:30,17,""0,3"",""5,0"",21:30,""952,8"",00,""947,5"",24"
"2018-09-28,3195,""MADRID, RETIRO"",MADRID,667,""21,9"",""0,0"",""16,0"",06:30,""27,8"",13:50,09,""1,4"",""6,7"",11:50,""947,5"",00,""940,9"",20"
"2018-09-29,3195,""MADRID, RETIRO"",MADRID,667,""22,4"",""0,0"",""16,8"",Varias,""27,9"",13:40,06,""0,8"",""6,1"",23:20,""942,7"",09,""938,3"",16"
"2018-09-30,3195,""MADRID, RETIRO"",MADRID,667,""23,0"",""0,0"",""16,9"",06:30,""29,0"",13:30,04,""1,7"",""8,6"",22:20,""942,4"",16,""939,7"",16"
"2018-10-01,3195,""MADRID, RETIRO"",MADRID,667,""19,8"",""0,0"",""14,6"",23:59,""25,0"",13:50,05,""3,1"",""10,6"",21:00,""945,1"",09,""941,4"",Varias"
"2018-10-02,3195,""MADRID, RETIRO"",MADRID,667,""17,3"",""0,0"",""10,0"",06:40,""24,6"",13:10,08,""1,1"",""8,3"",03:10,""947,0"",10,""944,0"",17"
"2018-10-03,3195,""MADRID, RETIRO"",MADRID,667,""20,5"",""0,0"",""15,0"",06:10,""26,0"",13:20,06,""1,9"",""7,8"",04:40,""948,2"",10,""943,8"",17"
"2018-10-04,3195,""MADRID, RETIRO"",MADRID,667,""20,2"",""0,0"",""14,0"",07:30,""26,3"",13:20,06,""1,1"",""5,3"",00:50,""944,4"",00,""940,3"",19"
"2018-10-05,3195,""MADRID, RETIRO"",MADRID,667,""20,4"",""0,0"",""14,8"",06:30,""25,9"",13:40,23,""1,1"",""5,6"",14:40,""942,4"",11,""938,4"",17"
"2018-10-06,3195,""MADRID, RETIRO"",MADRID,667,""20,4"",""0,0"",""13,6"",05:20,""27,1"",13:30,26,""2,5"",""11,4"",17:00,""941,3"",10,""937,3"",17"
"2018-10-07,3195,""MADRID, RETIRO"",MADRID,667,""15,4"",""0,0"",""11,2"",06:40,""19,5"",13:20,03,""3,9"",""11,4"",06:30,""942,0"",22,""939,4"",00"
"2018-10-08,3195,""MADRID, RETIRO"",MADRID,667,""13,8"",""0,0"",""9,0"",06:40,""18,7"",12:50,12,""1,1"",""7,2"",12:10,""942,2"",00,""938,0"",Varias"
"2018-10-09,3195,""MADRID, RETIRO"",MADRID,667,""15,1"",""8,9"",""10,7"",06:45,""19,5"",13:45,17,""1,7"",""11,4"",17:30,""939,1"",00,""934,6"",24"
"2018-10-10,3195,""MADRID, RETIRO"",MADRID,667,""14,6"",""2,7"",""11,0"",00:00,""18,1"",15:20,04,""0,8"",""5,3"",00:10,""934,8"",00,""932,3"",17"
"2018-10-11,3195,""MADRID, RETIRO"",MADRID,667,""17,2"",""2,9"",""13,8"",02:20,""20,5"",16:20,24,""2,8"",""8,9"",16:50,""942,3"",24,""934,4"",03"
"2018-10-12,3195,""MADRID, RETIRO"",MADRID,667,""18,3"",""0,3"",""15,8"",Varias,""20,8"",15:10,19,""0,8"",""5,8"",02:00,""946,9"",13,""942,5"",01"
"2018-10-13,3195,""MADRID, RETIRO"",MADRID,667,""19,6"",""2,6"",""15,0"",06:40,""24,2"",Varias,99,""0,6"",""5,3"",Varias,""944,8"",00,""933,1"",24"
"2018-10-14,3195,""MADRID, RETIRO"",MADRID,667,""14,8"",""0,0"",""11,2"",23:50,""18,5"",00:00,28,""3,1"",""12,2"",17:00,""934,7"",00,""929,8"",06"
"2018-10-15,3195,""MADRID, RETIRO"",MADRID,667,""12,3"",""0,1"",""9,2"",05:50,""15,4"",12:20,99,""1,4"",""6,7"",Varias,""936,4"",21,""932,6"",04"
"2018-10-16,3195,""MADRID, RETIRO"",MADRID,667,""15,4"",""0,0"",""10,6"",06:15,""20,1"",13:10,05,""1,1"",""5,8"",08:20,""941,0"",24,""936,2"",02"
"2018-10-17,3195,""MADRID, RETIRO"",MADRID,667,""16,5"",""0,0"",""11,5"",06:40,""21,5"",13:05,25,""1,4"",""6,4"",16:00,""941,4"",10,""936,1"",24"
"2018-10-18,3195,""MADRID, RETIRO"",MADRID,667,""17,2"",""8,8"",""14,0"",04:50,""20,4"",12:40,04,""3,1"",""11,4"",23:59,""935,7"",Varias,""933,7"",16"
"2018-10-19,3195,""MADRID, RETIRO"",MADRID,667,""14,8"",""5,9"",""12,7"",Varias,""17,0"",11:15,04,""3,6"",""11,4"",00:00,""940,2"",24,""934,5"",02"
"2018-10-20,3195,""MADRID, RETIRO"",MADRID,667,""17,2"",""3,3"",""13,5"",Varias,""21,0"",12:40,08,""2,5"",""9,7"",14:10,""944,8"",22,""939,7"",00"
"2018-10-21,3195,""MADRID, RETIRO"",MADRID,667,""17,8"",""0,2"",""14,4"",Varias,""21,2"",13:40,04,""2,5"",""6,7"",08:40,""945,5"",09,""942,7"",16"
"2018-10-22,3195,""MADRID, RETIRO"",MADRID,667,""17,0"",""0,0"",""11,7"",06:15,""22,3"",13:15,04,""0,8"",""9,2"",21:30,""947,0"",24,""944,3"",Varias"
"2018-10-23,3195,""MADRID, RETIRO"",MADRID,667,""16,8"",""0,0"",""13,0"",Varias,""20,5"",13:30,04,""1,4"",""7,5"",00:00,""949,8"",11,""946,9"",03"
"2018-10-24,3195,""MADRID, RETIRO"",MADRID,667,""16,2"",""0,0"",""10,5"",06:50,""22,0"",15:10,05,""0,3"",""5,0"",00:40,""949,1"",09,""945,1"",24"
"2018-10-25,3195,""MADRID, RETIRO"",MADRID,667,""16,6"",""0,0"",""10,5"",06:30,""22,6"",14:30,23,""0,8"",""6,1"",14:50,""944,8"",00,""940,3"",24"
"2018-10-26,3195,""MADRID, RETIRO"",MADRID,667,""14,2"",""1,5"",""11,8"",04:45,""16,5"",11:45,23,""0,8"",""4,7"",12:50,""941,0"",00,""936,0"",24"
"2018-10-27,3195,""MADRID, RETIRO"",MADRID,667,""8,8"",""4,2"",""5,1"",22:10,""12,4"",11:00,04,""1,9"",""11,1"",12:30,""936,0"",00,""926,3"",00"
"2018-10-28,3195,""MADRID, RETIRO"",MADRID,667,""7,0"",""0,0"",""4,1"",23:59,""10,0"",12:40,35,""3,1"",""11,1"",13:30,""928,4"",24,""924,7"",03"
"2018-10-29,3195,""MADRID, RETIRO"",MADRID,667,""7,0"",""0,7"",""3,7"",00:30,""10,4"",14:10,99,""3,3"",""11,4"",Varias,""928,8"",08,""926,6"",04"
"2018-10-30,3195,""MADRID, RETIRO"",MADRID,667,""7,5"",""15,1"",""6,0"",Varias,""9,0"",15:50,15,""3,1"",""9,2"",11:50,""928,5"",00,""923,4"",Varias"
"2018-10-31,3195,""MADRID, RETIRO"",MADRID,667,""8,9"",""0,1"",""5,8"",23:00,""12,0"",14:50,25,""2,5"",""10,3"",16:50,""931,4"",24,""924,7"",Varias"
"2018-11-01,3195,""MADRID, RETIRO"",MADRID,667,""9,2"",""0,0"",""4,5"",05:30,""13,8"",13:10,23,""0,8"",""5,3"",16:00,""942,9"",23,""931,4"",00"
"2018-11-02,3195,""MADRID, RETIRO"",MADRID,667,""13,6"",""0,0"",""9,3"",00:00,""18,0"",12:50,31,""2,2"",""9,7"",10:20,""946,8"",22,""940,6"",04"
"2018-11-03,3195,""MADRID, RETIRO"",MADRID,667,""10,6"",""0,0"",""6,1"",07:30,""15,0"",14:30,13,""0,6"",""4,7"",13:30,""946,8"",00,""941,7"",24"
"2018-11-04,3195,""MADRID, RETIRO"",MADRID,667,""10,0"",""17,0"",""4,5"",07:10,""15,4"",14:30,24,""0,8"",""9,7"",14:50,""941,6"",00,""930,3"",24"
"2018-11-05,3195,""MADRID, RETIRO"",MADRID,667,""8,2"",""2,7"",""6,3"",19:00,""10,0"",00:00,99,""3,1"",""10,8"",Varias,""931,6"",24,""925,2"",07"
"2018-11-06,3195,""MADRID, RETIRO"",MADRID,667,""8,9"",""0,7"",""6,0"",05:50,""11,8"",12:50,26,""3,1"",""11,7"",03:50,""937,1"",18,""931,1"",00"
"2018-11-07,3195,""MADRID, RETIRO"",MADRID,667,""10,6"",""4,5"",""7,5"",23:59,""13,8"",13:45,21,""1,9"",""7,8"",01:30,""941,5"",24,""935,5"",05"
"2018-11-08,3195,""MADRID, RETIRO"",MADRID,667,""9,8"",""7,6"",""7,0"",Varias,""12,6"",13:20,18,""1,1"",""12,2"",12:50,""941,3"",01,""936,0"",17"
"2018-11-09,3195,""MADRID, RETIRO"",MADRID,667,""9,0"",""0,0"",""5,4"",02:30,""12,6"",13:10,31,""3,6"",""11,4"",09:20,""943,0"",10,""937,9"",00"
"2018-11-10,3195,""MADRID, RETIRO"",MADRID,667,""11,6"",""1,1"",""9,6"",Varias,""13,5"",13:50,23,""3,6"",""12,2"",13:10,""939,9"",00,""936,5"",14"
"2018-11-11,3195,""MADRID, RETIRO"",MADRID,667,""14,2"",""0,0"",""11,6"",23:59,""16,7"",13:40,24,""2,8"",""8,1"",07:10,""939,2"",10,""935,3"",18"
"2018-11-12,3195,""MADRID, RETIRO"",MADRID,667,""12,2"",""1,6"",""10,3"",05:10,""14,0"",15:20,21,""0,8"",""7,5"",00:20,""943,2"",24,""935,8"",00"
"2018-11-13,3195,""MADRID, RETIRO"",MADRID,667,""13,0"",""0,0"",""10,0"",Varias,""16,0"",15:40,05,""1,4"",""5,8"",01:30,""947,4"",22,""942,8"",00"
"2018-11-14,3195,""MADRID, RETIRO"",MADRID,667,""13,0"",""0,0"",""10,0"",06:40,""16,0"",14:30,04,""1,9"",""7,2"",01:40,""947,8"",00,""942,2"",24"
"2018-11-15,3195,""MADRID, RETIRO"",MADRID,667,""14,2"",""0,9"",""11,8"",07:30,""16,5"",12:50,12,""1,1"",""8,3"",15:40,""942,3"",23,""940,1"",17"
"2018-11-16,3195,""MADRID, RETIRO"",MADRID,667,""14,0"",""1,7"",""12,1"",Varias,""15,8"",14:50,13,""1,1"",""6,9"",23:50,""942,8"",11,""940,3"",17"
"2018-11-17,3195,""MADRID, RETIRO"",MADRID,667,""13,8"",""0,0"",""11,0"",07:30,""16,5"",14:20,99,""1,4"",""5,3"",Varias,""940,7"",00,""934,4"",24"
"2018-11-18,3195,""MADRID, RETIRO"",MADRID,667,""11,5"",""11,8"",""9,3"",23:59,""13,7"",13:15,12,""1,9"",""9,2"",13:10,""934,2"",00,""927,7"",18"
"2018-11-19,3195,""MADRID, RETIRO"",MADRID,667,""11,2"",""2,5"",""8,7"",02:10,""13,6"",13:10,04,""2,2"",""8,9"",08:40,""926,8"",00,""925,0"",16"
"2018-11-20,3195,""MADRID, RETIRO"",MADRID,667,""10,0"",""2,9"",""8,0"",11:50,""12,0"",14:30,27,""2,8"",""13,9"",15:00,""929,1"",24,""923,6"",12"
"2018-11-21,3195,""MADRID, RETIRO"",MADRID,667,""9,2"",""1,5"",""6,7"",23:20,""11,8"",12:30,22,""1,7"",""10,8"",13:30,""938,0"",24,""929,3"",00"
"2018-11-22,3195,""MADRID, RETIRO"",MADRID,667,""8,9"",""3,7"",""5,8"",03:20,""12,0"",14:10,20,""1,1"",""5,0"",03:30,""939,7"",10,""936,0"",24"
"2018-11-23,3195,""MADRID, RETIRO"",MADRID,667,""8,0"",""0,0"",""5,0"",23:59,""11,1"",15:15,26,""1,7"",""8,1"",16:30,""939,9"",24,""935,8"",05"
"2018-11-24,3195,""MADRID, RETIRO"",MADRID,667,""6,1"",""2,0"",""3,0"",06:10,""9,2"",14:50,24,""0,0"",""3,3"",20:10,""941,0"",12,""936,8"",24"
"2018-11-25,3195,""MADRID, RETIRO"",MADRID,667,""10,3"",""4,9"",""6,6"",02:20,""14,0"",14:10,26,""3,3"",""11,1"",13:20,""936,2"",00,""929,2"",24"
"2018-11-26,3195,""MADRID, RETIRO"",MADRID,667,""9,5"",""0,0"",""7,0"",23:59,""12,0"",14:20,30,""3,1"",""17,2"",03:10,""945,0"",24,""930,0"",00"
"2018-11-27,3195,""MADRID, RETIRO"",MADRID,667,""8,1"",""0,0"",""4,2"",08:30,""12,0"",Varias,25,""0,8"",""6,1"",13:30,""946,1"",10,""944,5"",05"
"2018-11-28,3195,""MADRID, RETIRO"",MADRID,667,""7,2"",""0,0"",""3,4"",07:20,""11,1"",15:10,20,""0,8"",""3,1"",12:50,""947,8"",11,""945,4"",24"
"2018-11-29,3195,""MADRID, RETIRO"",MADRID,667,""7,4"",""3,3"",""3,4"",07:10,""11,4"",13:20,27,""0,6"",""5,8"",20:30,""945,1"",00,""941,3"",Varias"
"2018-11-30,3195,""MADRID, RETIRO"",MADRID,667,""7,8"",""0,0"",""4,7"",23:59,""11,0"",13:40,06,""0,6"",""4,2"",15:10,""946,8"",23,""940,3"",Varias"
"2018-12-01,3195,""MADRID, RETIRO"",MADRID,667,""7,0"",""0,0"",""3,0"",06:10,""11,0"",15:20,24,""0,6"",""4,4"",14:30,""947,0"",Varias,""944,5"",15"
"2018-12-02,3195,""MADRID, RETIRO"",MADRID,667,""6,6"",""0,0"",""4,5"",04:40,""8,8"",14:40,23,""0,3"",""3,3"",13:50,""948,1"",11,""946,0"",03"
"2018-12-03,3195,""MADRID, RETIRO"",MADRID,667,""7,2"",""0,0"",""5,4"",23:59,""9,0"",14:50,99,""0,8"",""2,8"",Varias,""948,1"",23,""946,4"",05"
"2018-12-04,3195,""MADRID, RETIRO"",MADRID,667,""9,7"",""0,0"",""4,2"",06:30,""15,2"",14:30,99,""0,6"",""3,3"",Varias,""948,4"",10,""946,5"",Varias"
"2018-12-05,3195,""MADRID, RETIRO"",MADRID,667,""11,4"",""0,0"",""6,9"",07:50,""16,0"",15:00,06,""0,6"",""4,2"",00:20,""948,3"",13,""947,2"",Varias"
"2018-12-06,3195,""MADRID, RETIRO"",MADRID,667,""10,5"",""0,0"",""5,5"",07:20,""15,5"",13:50,04,""0,6"",""4,2"",01:10,""952,0"",14,""949,8"",16"
"2018-12-07,3195,""MADRID, RETIRO"",MADRID,667,""7,4"",""0,0"",""4,2"",07:20,""10,5"",19:40,28,""1,1"",""7,5"",19:40,""951,2"",10,""948,1"",16"
"2018-12-08,3195,""MADRID, RETIRO"",MADRID,667,""9,2"",""0,0"",""5,4"",07:40,""13,0"",14:50,31,""0,8"",""7,8"",00:10,""952,3"",24,""949,0"",04"
"2018-12-09,3195,""MADRID, RETIRO"",MADRID,667,""9,5"",""0,0"",""4,4"",06:40,""14,6"",14:40,22,""0,3"",""3,1"",13:30,""953,8"",11,""951,6"",15"
"2018-12-10,3195,""MADRID, RETIRO"",MADRID,667,""9,0"",""0,0"",""3,9"",08:10,""14,2"",13:20,06,""0,8"",""3,6"",22:40,""952,8"",10,""948,5"",24"
"2018-12-11,3195,""MADRID, RETIRO"",MADRID,667,""8,2"",""0,0"",""3,8"",07:00,""12,6"",15:00,09,""0,6"",""4,2"",09:40,""948,3"",00,""944,0"",17"
"2018-12-12,3195,""MADRID, RETIRO"",MADRID,667,""6,6"",""3,8"",""4,5"",06:50,""8,6"",18:00,23,""0,8"",""6,1"",15:00,""945,3"",09,""939,5"",24"
"2018-12-13,3195,""MADRID, RETIRO"",MADRID,667,""6,2"",""6,2"",""4,0"",23:59,""8,5"",13:45,31,""2,8"",""14,7"",16:00,""940,0"",00,""931,0"",13"
"2018-12-14,3195,""MADRID, RETIRO"",MADRID,667,""6,8"",""0,0"",""3,0"",03:30,""10,5"",13:30,30,""2,2"",""9,7"",11:10,""947,4"",24,""937,8"",00"
"2018-12-15,3195,""MADRID, RETIRO"",MADRID,667,""5,8"",""0,2"",""2,7"",06:30,""9,0"",14:50,26,""1,4"",""7,2"",18:40,""949,5"",10,""945,5"",24"
"2018-12-16,3195,""MADRID, RETIRO"",MADRID,667,""9,0"",""0,3"",""5,6"",23:00,""12,5"",14:30,28,""3,3"",""12,5"",13:20,""948,4"",23,""941,6"",12"
"2018-12-17,3195,""MADRID, RETIRO"",MADRID,667,""6,3"",""0,0"",""3,4"",06:10,""9,2"",15:30,31,""1,1"",""7,2"",00:20,""952,6"",Varias,""950,1"",24"
"2018-12-18,3195,""MADRID, RETIRO"",MADRID,667,""5,2"",""0,9"",""2,5"",08:30,""8,0"",21:10,05,""0,6"",""7,8"",01:20,""950,3"",00,""944,0"",24"
"2018-12-19,3195,""MADRID, RETIRO"",MADRID,667,""7,2"",""0,0"",""4,9"",08:50,""9,4"",14:50,24,""1,9"",""6,4"",12:50,""947,1"",23,""942,8"",Varias"
"2018-12-20,3195,""MADRID, RETIRO"",MADRID,667,""8,1"",""0,0"",""5,4"",Varias,""10,8"",15:50,23,""1,4"",""4,7"",17:30,""951,8"",22,""944,4"",01"
"2018-12-21,3195,""MADRID, RETIRO"",MADRID,667,""7,0"",""0,0"",""5,3"",06:20,""8,7"",15:30,29,""0,3"",""4,2"",11:50,""955,0"",Varias,""952,0"",00"
"2018-12-22,3195,""MADRID, RETIRO"",MADRID,667,""7,6"",""0,0"",""6,2"",23:59,""9,0"",15:00,06,""0,8"",""4,2"",18:00,""955,7"",15,""953,7"",Varias"
"2018-12-23,3195,""MADRID, RETIRO"",MADRID,667,""7,0"",""0,0"",""4,6"",01:50,""9,5"",14:40,06,""0,6"",""4,7"",01:50,""954,6"",10,""951,7"",14"
"2018-12-24,3195,""MADRID, RETIRO"",MADRID,667,""8,2"",""0,0"",""3,2"",Varias,""13,2"",15:30,06,""0,3"",""4,2"",22:20,""961,9"",10,""949,6"",24"
"2018-12-25,3195,""MADRID, RETIRO"",MADRID,667,""9,3"",""0,0"",""4,8"",04:30,""13,8"",13:50,06,""1,1"",""4,4"",06:20,""950,9"",23,""948,5"",Varias"
"2018-12-26,3195,""MADRID, RETIRO"",MADRID,667,""8,4"",""0,0"",""4,3"",08:00,""12,4"",15:00,08,""0,8"",""3,1"",13:30,""951,1"",09,""948,7"",Varias"
"2018-12-27,3195,""MADRID, RETIRO"",MADRID,667,""6,2"",""0,0"",""2,0"",07:40,""10,5"",14:30,25,""0,6"",""3,3"",12:20,""950,0"",10,""947,9"",Varias"
"2018-12-28,3195,""MADRID, RETIRO"",MADRID,667,""7,1"",""0,0"",""1,5"",08:10,""12,7"",15:10,10,""1,4"",""5,8"",16:30,""950,8"",23,""948,5"",05"
"2018-12-29,3195,""MADRID, RETIRO"",MADRID,667,""8,0"",""0,0"",""4,0"",07:15,""11,9"",15:10,04,""1,7"",""7,8"",11:50,""950,9"",09,""949,8"",04"
"2018-12-30,3195,""MADRID, RETIRO"",MADRID,667,""8,7"",""0,0"",""3,2"",06:30,""14,2"",14:50,05,""1,1"",""7,5"",00:50,""952,3"",11,""949,6"",13"
"2018-12-31,3195,""MADRID, RETIRO"",MADRID,667,""7,0"",""0,0"",""0,7"",07:50,""13,4"",15:30,06,""0,6"",""5,3"",23:59,""954,0"",10,""951,6"",15"
